group,var,modelType,R2_mean,RMSE_mean,MAE_mean
group1,pH,CONST,0.0,0.0,0.0
group1,nSi(aq),GPyModel,0.9999999751702473,-1.2980079158586414e-10,-8.07449067565182e-11
group2,pH,GPyModel,0.3272252529892765,-0.33053987400504703,-0.22109504890263448
group2,nSi(aq),GPyModel,-1.6862457924859833,-3.979335186494791e-05,-3.309598190492245e-05
group3,pH,CONST,0.0,0.0,0.0
group3,nSi(aq),linear,0.9999998846009313,-3.1409456555552234e-08,-2.4917019211166895e-08
