group,var,modelType,R2_mean,RMSE_mean,MAE_mean
group1,pH,CONST,0.0,0.0,0.0
group1,nSi(aq),GPyModel,0.9999999756661937,-1.298049716969305e-10,-8.075286608820642e-11
group2,pH,GPyModel,0.9962211547102694,-0.05091922837103088,-0.020450201933656327
group2,nSi(aq),GPyModel,0.9873010701452151,-4.9002703886943485e-06,-1.8704397253014835e-06
group3,pH,CONST,0.0,0.0,0.0
group3,nSi(aq),linear,0.9999998846009313,-3.1409456555552234e-08,-2.4917019211166895e-08
