group,var,modelType,R2_mean,RMSE_mean,MAE_mean
group1,pH,CONST,0.0,0.0,0.0
group1,nSi(aq),GPyModel,0.9999999965479954,-5.168928034733493e-11,-2.1148342656291656e-11
group2,pH,GPyModel,0.9985484642390515,-0.029450489776815712,-0.004707125961580504
group2,nSi(aq),GPyModel,0.9999353229783245,-2.1948032885207642e-07,-3.0382891587517805e-08
group3,pH,CONST,0.0,0.0,0.0
group3,nSi(aq),linear,0.9999999531250017,-2.4765474339111946e-08,-1.840036727628403e-08
