,group,var,modelType,R2_mean,R2_std,RMSE_mean,RMSE_std
0,group1,pH,CONST,0.0,0.0,0.0,0.0
1,group2,pH,GPyModel,0.6983309201701308,0.4566120483541292,-0.07371030094050557,0.15301362624169115
2,group3,pH,CONST,0.0,0.0,0.0,0.0
